rho,gamma,alpha,kappa,beta_judge,top1_hit,top3_hit,posterior_consistency,map_match_rate,weighted_score
0.9,0.0,5.0,0.2,4.0,0.3523489932885906,0.7550335570469798,0.5517178823396832,0.8409090909090909,0.7401330822641539
0.9,0.0,7.0,0.3,2.0,0.33557046979865773,0.738255033557047,0.5805588193727834,0.8446969696969697,0.7386483715621711
0.9,0.2,7.0,0.2,2.0,0.3389261744966443,0.7516778523489933,0.581070684944948,0.8181818181818182,0.7375076086180318
0.9,0.0,7.0,0.4,4.0,0.3288590604026846,0.7583892617449665,0.5699781965870567,0.8106060606060606,0.7363720883717126
0.9,0.0,7.0,0.2,2.0,0.3422818791946309,0.7281879194630873,0.5763489277692636,0.8484848484848485,0.7339091998308509
0.9,0.2,7.0,0.3,2.0,0.3053691275167785,0.7449664429530202,0.5712474997953024,0.8181818181818182,0.732187266890116
0.9,0.4,7.0,0.4,4.0,0.3724832214765101,0.7651006711409396,0.5770205169855618,0.7613636363636364,0.7263635298766731
0.9,0.0,7.0,0.4,2.0,0.348993288590604,0.7416107382550335,0.570130661470131,0.803030303030303,0.7257405923306339
0.8,0.0,7.0,0.2,4.0,0.3422818791946309,0.714765100671141,0.5786682366094462,0.8409090909090909,0.725388924930187
0.9,0.0,5.0,0.2,2.0,0.3288590604026846,0.738255033557047,0.5466323046858907,0.8181818181818182,0.7239085231702471
0.9,0.6,7.0,0.3,4.0,0.3724832214765101,0.7751677852348994,0.5730484220123091,0.7386363636363636,0.7237844861108207
0.9,0.2,5.0,0.3,4.0,0.3691275167785235,0.7583892617449665,0.5521480546823191,0.7803030303030303,0.7237151508998562
0.9,0.4,7.0,0.2,4.0,0.3724832214765101,0.7281879194630873,0.5840233278400757,0.8068181818181818,0.7229440798450133
0.8,0.0,7.0,0.2,2.0,0.33557046979865773,0.7348993288590604,0.5590766708215859,0.8068181818181818,0.7213104531393019
0.9,0.0,5.0,0.3,2.0,0.3523489932885906,0.7348993288590604,0.546842811706193,0.8143939393939394,0.7211364085889507
0.9,0.2,7.0,0.3,4.0,0.3389261744966443,0.7315436241610739,0.5716912354891985,0.803030303030303,0.7210191500874675
0.9,0.4,7.0,0.2,2.0,0.3624161073825503,0.738255033557047,0.5703030817932732,0.7878787878787878,0.7195517695008145
0.9,0.6,7.0,0.4,4.0,0.35570469798657717,0.7785234899328859,0.5623896220196779,0.7234848484848485,0.718785123915833
0.7,0.2,7.0,0.2,4.0,0.3389261744966443,0.7785234899328859,0.5677222751658829,0.7196969696969697,0.7187152909087104
0.9,0.8,7.0,0.2,4.0,0.34563758389261745,0.7785234899328859,0.5659980034294763,0.7196969696969697,0.7183704365614292
0.9,0.6,7.0,0.2,2.0,0.348993288590604,0.7550335570469798,0.5671378519905944,0.7575757575757576,0.7182170761943361
0.9,0.8,7.0,0.2,2.0,0.3389261744966443,0.7718120805369127,0.5632231215827205,0.7310606060606061,0.7178688464031823
0.9,0.4,7.0,0.4,2.0,0.35906040268456374,0.7718120805369127,0.5631984511239624,0.7310606060606061,0.7178639123114307
0.9,0.4,7.0,0.3,2.0,0.3624161073825503,0.7550335570469798,0.5700419853919032,0.7537878787878788,0.7176615392382342
0.9,0.0,5.0,0.3,4.0,0.33221476510067116,0.7281879194630873,0.5502064915241731,0.8106060606060606,0.7173170762181964
0.9,0.0,7.0,0.3,4.0,0.3389261744966443,0.714765100671141,0.5807228342339911,0.8106060606060606,0.7167089353641869
0.9,0.2,5.0,0.2,2.0,0.3422818791946309,0.738255033557047,0.5471234778563124,0.7916666666666666,0.7160522123497861
0.9,0.6,7.0,0.2,4.0,0.35570469798657717,0.7550335570469798,0.5665743089317329,0.7462121212121212,0.7146952766734729
0.9,0.8,7.0,0.3,4.0,0.3389261744966443,0.7684563758389261,0.5656556733689004,0.7234848484848485,0.7144047771386978
0.6,0.0,7.0,0.2,4.0,0.3523489932885906,0.7651006711409396,0.5520584140735358,0.7348484848484849,0.7134165638397224
0.9,0.4,5.0,0.2,2.0,0.3859060402684564,0.7550335570469798,0.5486377198005138,0.7537878787878788,0.7133806861199563
0.8,0.0,5.0,0.3,4.0,0.34563758389261745,0.7751677852348994,0.5372792130307703,0.7234848484848485,0.7120851897690583
0.9,0.2,7.0,0.2,4.0,0.31208053691275167,0.7080536912751678,0.5671979259590647,0.8143939393939394,0.7117846126475788
0.8,0.0,7.0,0.3,2.0,0.3389261744966443,0.7315436241610739,0.5701527067539657,0.7727272727272727,0.711620535249512
0.8,0.0,5.0,0.2,4.0,0.3288590604026846,0.7483221476510067,0.5367953909801418,0.7651515151515151,0.7110656065669863
0.9,0.2,5.0,0.2,4.0,0.3523489932885906,0.7348993288590604,0.5462788899481378,0.7765151515151515,0.7096599878737032
0.7,0.0,7.0,0.2,2.0,0.33557046979865773,0.7315436241610739,0.5600064861609144,0.7727272727272727,0.7095912911309017
0.9,0.4,5.0,0.2,4.0,0.3691275167785235,0.7516778523489933,0.542039508509173,0.75,0.7092468278763313
0.8,0.0,5.0,0.2,2.0,0.33557046979865773,0.7348993288590604,0.5384589532509636,0.7803030303030303,0.7092323641706321
0.9,0.8,7.0,0.3,2.0,0.35570469798657717,0.761744966442953,0.5599245561756792,0.7196969696969697,0.7087664853657033
0.9,0.2,5.0,0.4,4.0,0.348993288590604,0.7516778523489933,0.5535989860881292,0.7386363636363636,0.7081496324830315
0.9,0.2,5.0,0.4,2.0,0.31543624161073824,0.7550335570469798,0.538595702483131,0.7424242424242424,0.7079631917473889
0.8,0.2,5.0,0.2,4.0,0.3523489932885906,0.7684563758389261,0.5445329132534129,0.7159090909090909,0.707907497842873
0.9,0.0,3.0,0.2,2.0,0.3523489932885906,0.7416107382550335,0.5085864607252352,0.7765151515151515,0.7054772067271093
0.7,0.0,7.0,0.2,4.0,0.33557046979865773,0.7181208053691275,0.5558546866482482,0.7803030303030303,0.7043222491051224
0.9,0.0,7.0,0.2,4.0,0.3288590604026846,0.6912751677852349,0.5717470526244889,0.8143939393939394,0.704305176235697
0.9,0.0,5.0,0.4,4.0,0.3422818791946309,0.7516778523489933,0.5340706625413277,0.7386363636363636,0.7042439677736713
0.8,0.0,7.0,0.4,4.0,0.3523489932885906,0.7550335570469798,0.5482893868862141,0.7234848484848485,0.7042201104461873
0.8,0.2,7.0,0.3,4.0,0.36577181208053694,0.7483221476510067,0.5561928869757659,0.7272727272727273,0.7035814694024747
0.8,0.4,7.0,0.2,4.0,0.35570469798657717,0.7583892617449665,0.5643088466814564,0.7045454545454546,0.7034200365724109
0.7,0.2,7.0,0.2,2.0,0.33557046979865773,0.7583892617449665,0.5522600808301698,0.7121212121212122,0.7032830106748809
0.8,0.4,7.0,0.2,2.0,0.3859060402684564,0.7583892617449665,0.5649916384852276,0.7007575757575758,0.7024202312968015
0.9,0.6,5.0,0.2,4.0,0.35570469798657717,0.7550335570469798,0.5411248041950556,0.7196969696969697,0.7016508302715919
0.8,0.2,7.0,0.2,2.0,0.348993288590604,0.7281879194630873,0.5622762867565484,0.7462121212121212,0.7004128534464896
0.9,0.2,7.0,0.4,4.0,0.3523489932885906,0.7248322147651006,0.5639327904549203,0.75,0.7002026654735344
0.9,0.8,7.0,0.4,4.0,0.3724832214765101,0.7785234899328859,0.5486450309563515,0.6704545454545454,0.7001271147940769
0.7,0.4,7.0,0.2,4.0,0.35570469798657717,0.7818791946308725,0.5513603609732773,0.6628787878787878,0.7000753058737281
0.9,0.4,7.0,0.3,4.0,0.348993288590604,0.714765100671141,0.5699294876353024,0.7613636363636364,0.6997775387717218
0.9,0.0,5.0,0.4,2.0,0.3422818791946309,0.7315436241610739,0.5439939522369065,0.75,0.6995706025279183
0.9,0.8,7.0,0.4,2.0,0.33557046979865773,0.761744966442953,0.5365433411894533,0.7045454545454546,0.6995447878230036
0.9,0.4,5.0,0.4,4.0,0.35570469798657717,0.7550335570469798,0.5422105057119269,0.7083333333333334,0.6984588796658753
0.7,0.0,7.0,0.3,2.0,0.33221476510067116,0.7449664429530202,0.5445066396666007,0.7196969696969697,0.6972936403189212
0.9,0.8,5.0,0.2,4.0,0.348993288590604,0.761744966442953,0.5473115358441676,0.6893939393939394,0.6971529722084918
0.9,0.4,5.0,0.3,2.0,0.3691275167785235,0.7516778523489933,0.5318276561493114,0.7159090909090909,0.6969771846770861
0.9,0.2,7.0,0.4,2.0,0.3422818791946309,0.7214765100671141,0.5630088235142329,0.7424242424242424,0.6960672924636764
0.9,0.0,3.0,0.3,4.0,0.3389261744966443,0.7348993288590604,0.5111555127384454,0.7537878787878788,0.6958171306135829
0.8,0.0,7.0,0.3,4.0,0.35906040268456374,0.714765100671141,0.5658317034824716,0.75,0.6955488910320647
0.9,0.2,3.0,0.2,2.0,0.35906040268456374,0.7516778523489933,0.5063692403820672,0.7272727272727273,0.6952945924327283
0.9,0.0,3.0,0.2,4.0,0.34563758389261745,0.7281879194630873,0.5075149472842377,0.7651515151515151,0.6951424037338457
0.6,0.0,7.0,0.2,2.0,0.33221476510067116,0.7281879194630873,0.5464457593609773,0.7386363636363636,0.6949740206946482
0.9,0.8,5.0,0.2,2.0,0.3624161073825503,0.7583892617449665,0.550347930466795,0.6856060606060606,0.6949460351476604
0.8,0.2,7.0,0.3,2.0,0.33221476510067116,0.7449664429530202,0.542580395128493,0.7121212121212122,0.6946356641385724
0.5,0.0,7.0,0.2,2.0,0.348993288590604,0.7348993288590604,0.5444932760567378,0.7234848484848485,0.6933937741863323
0.9,0.6,5.0,0.2,2.0,0.3523489932885906,0.7516778523489933,0.5320687834280334,0.7007575757575758,0.6924799555873761
0.5,0.0,7.0,0.2,4.0,0.33557046979865773,0.738255033557047,0.544908829429129,0.7121212121212122,0.691745646300713
0.9,0.4,5.0,0.4,2.0,0.34563758389261745,0.761744966442953,0.5352737417379041,0.678030303030303,0.6913363224781481
0.8,0.0,5.0,0.3,2.0,0.348993288590604,0.7348993288590604,0.5449707360162067,0.7159090909090909,0.691216538905499
0.9,0.6,7.0,0.4,2.0,0.348993288590604,0.7348993288590604,0.5502151919218834,0.7121212121212122,0.6911290664502705
0.9,0.6,5.0,0.3,2.0,0.3523489932885906,0.7449664429530202,0.5415148631902672,0.7007575757575758,0.6910134668418363
0.7,0.0,5.0,0.3,4.0,0.3288590604026846,0.761744966442953,0.5278081493840606,0.6818181818181818,0.6909795676437432
0.8,0.0,5.0,0.4,2.0,0.33557046979865773,0.7684563758389261,0.5164353617212865,0.678030303030303,0.6909243511728113
0.7,0.0,7.0,0.4,2.0,0.3859060402684564,0.7684563758389261,0.5390178007495597,0.6628787878787878,0.6908953844330114
0.8,0.2,7.0,0.2,4.0,0.3523489932885906,0.7181208053691275,0.5502434925038528,0.7386363636363636,0.6907000102762434
0.9,0.8,5.0,0.3,4.0,0.34563758389261745,0.7785234899328859,0.5278617097338377,0.6515151515151515,0.690288632367756
0.6,0.0,7.0,0.3,4.0,0.348993288590604,0.7483221476510067,0.5446445170561003,0.6893939393939394,0.6899081590549052
0.8,0.2,5.0,0.3,4.0,0.348993288590604,0.7684563758389261,0.5321629718362179,0.6628787878787878,0.689524418650343
0.9,0.2,3.0,0.3,4.0,0.348993288590604,0.761744966442953,0.5081982340653836,0.6893939393939394,0.689330311852735
0.9,0.4,5.0,0.3,4.0,0.32550335570469796,0.7416107382550335,0.5349127549523046,0.7045454545454546,0.6891515564816141
0.9,0.2,3.0,0.3,2.0,0.34563758389261745,0.761744966442953,0.5128479963529385,0.6856060606060606,0.6891239006738824
0.8,0.2,7.0,0.4,4.0,0.33557046979865773,0.7583892617449665,0.5339548674270348,0.6742424242424242,0.6882583316306174
0.9,0.8,5.0,0.4,2.0,0.3691275167785235,0.7785234899328859,0.5338338491487665,0.6401515151515151,0.6880739693416508
0.9,0.2,3.0,0.2,4.0,0.36577181208053694,0.7449664429530202,0.5084501202417764,0.7121212121212122,0.687809609161229
0.7,0.0,7.0,0.3,4.0,0.3523489932885906,0.7281879194630873,0.543883600338072,0.7159090909090909,0.6876434070718853
0.9,0.8,5.0,0.3,2.0,0.3422818791946309,0.7718120805369127,0.5253987854529159,0.6553030303030303,0.6875767064499486
0.9,0.6,7.0,0.3,2.0,0.3691275167785235,0.7416107382550335,0.548551072042447,0.6893939393939394,0.687333765354188
0.9,0.4,3.0,0.2,2.0,0.34563758389261745,0.7483221476510067,0.5140027084288745,0.7007575757575758,0.687188888238551
0.8,0.0,7.0,0.4,2.0,0.31543624161073824,0.7315436241610739,0.5316128839905708,0.7159090909090909,0.6868671161513784
0.9,0.0,3.0,0.3,2.0,0.3422818791946309,0.7214765100671141,0.5049869833705602,0.75,0.686735651707669
0.9,0.2,5.0,0.3,2.0,0.33557046979865773,0.7181208053691275,0.5357123918607806,0.7348484848484849,0.6866574265112653
0.6,0.0,5.0,0.2,2.0,0.34563758389261745,0.7281879194630873,0.5327272970737975,0.7196969696969697,0.6865485100553941
0.9,0.4,3.0,0.4,2.0,0.348993288590604,0.7751677852348994,0.5100019004596864,0.6553030303030303,0.6861751818002961
0.7,0.0,5.0,0.2,2.0,0.34563758389261745,0.7348993288590604,0.5308439993517216,0.7083333333333334,0.6861184642998746
0.9,0.8,3.0,0.2,4.0,0.38926174496644295,0.785234899328859,0.5108318695195951,0.6363636363636364,0.6856929144774394
0.9,0.6,5.0,0.4,2.0,0.3691275167785235,0.7684563758389261,0.5288822171083238,0.6515151515151515,0.6854591767956733
0.9,0.4,3.0,0.3,4.0,0.35906040268456374,0.7651006711409396,0.5163282520596114,0.6628787878787878,0.6846796223460284
0.7,0.2,5.0,0.2,2.0,0.33557046979865773,0.7583892617449665,0.5256559019139112,0.6628787878787878,0.6831894476189019
0.7,0.2,5.0,0.2,4.0,0.37919463087248323,0.7684563758389261,0.5313766838842803,0.6401515151515151,0.6825489792417737
0.6,0.0,5.0,0.3,2.0,0.35906040268456374,0.7550335570469798,0.5279380362849267,0.6628787878787878,0.6819680221441117
0.6,0.2,5.0,0.2,4.0,0.3389261744966443,0.7785234899328859,0.517777049449591,0.6287878787878788,0.6814535184927247
0.6,0.0,5.0,0.2,4.0,0.3288590604026846,0.7315436241610739,0.5308804595164073,0.696969696969697,0.6810388130747276
0.5,0.0,5.0,0.2,4.0,0.348993288590604,0.7449664429530202,0.5200428737488662,0.6818181818181818,0.6810372507717378
0.8,0.2,5.0,0.2,2.0,0.3724832214765101,0.7348993288590604,0.5391249599551179,0.6856060606060606,0.680956474602372
0.6,0.2,7.0,0.2,4.0,0.34563758389261745,0.7483221476510067,0.5334550521618844,0.6628787878787878,0.6797157206215165
0.8,0.4,5.0,0.2,2.0,0.35570469798657717,0.7718120805369127,0.5194943675293826,0.6325757575757576,0.6795776410470602
0.8,0.0,3.0,0.2,4.0,0.3389261744966443,0.7449664429530202,0.5006903373461961,0.6893939393939394,0.6794394707639312
0.9,0.4,3.0,0.3,2.0,0.36577181208053694,0.7684563758389261,0.520831661504492,0.6363636363636364,0.6793036111294524
0.9,0.4,3.0,0.2,4.0,0.3422818791946309,0.7416107382550335,0.5133877226206892,0.6856060606060606,0.6791647318334728
0.8,0.6,7.0,0.2,4.0,0.3389261744966443,0.7516778523489933,0.5450113688301821,0.6477272727272727,0.6791593817587149
0.8,0.4,7.0,0.3,2.0,0.3389261744966443,0.7583892617449665,0.5339027658893264,0.6439393939393939,0.6791570022321667
0.8,0.4,7.0,0.3,4.0,0.34563758389261745,0.7583892617449665,0.5377336613647715,0.6401515151515151,0.6787868176908921
0.7,0.0,7.0,0.4,4.0,0.3389261744966443,0.738255033557047,0.5359975628534441,0.6742424242424242,0.6785997566219396
0.8,0.0,3.0,0.2,2.0,0.3389261744966443,0.7416107382550335,0.49885075381378463,0.6931818181818182,0.6785300653448192
0.8,0.6,7.0,0.2,2.0,0.3523489932885906,0.7483221476510067,0.5324062304830344,0.6590909090909091,0.678369592649383
0.8,0.6,7.0,0.3,2.0,0.3422818791946309,0.7818791946308725,0.5265095634933847,0.6060606060606061,0.678059691832295
0.9,0.6,3.0,0.2,4.0,0.35906040268456374,0.7550335570469798,0.5172200609586749,0.6553030303030303,0.677551699806134
0.8,0.4,5.0,0.2,4.0,0.36577181208053694,0.7583892617449665,0.5255773898465267,0.6439393939393939,0.6774919270236067
0.9,0.8,5.0,0.4,4.0,0.35570469798657717,0.7684563758389261,0.5307481596294706,0.6212121212121212,0.6767414562089935
0.5,0.0,5.0,0.2,2.0,0.34563758389261745,0.738255033557047,0.519257030144844,0.678030303030303,0.6763880137165832
0.6,0.0,3.0,0.2,4.0,0.3389261744966443,0.761744966442953,0.49854580492373,0.6515151515151515,0.676036189660768
0.8,0.4,5.0,0.3,2.0,0.3389261744966443,0.785234899328859,0.5125960267452421,0.6022727272727273,0.6758184731952962
0.9,0.2,3.0,0.4,4.0,0.35570469798657717,0.7483221476510067,0.5006775019471393,0.6704545454545454,0.6754329378512948
0.7,0.6,7.0,0.2,4.0,0.35906040268456374,0.7919463087248322,0.5219226302665931,0.5833333333333334,0.6753576804157347
0.6,0.2,7.0,0.2,2.0,0.37583892617449666,0.7416107382550335,0.5382413554038291,0.6553030303030303,0.6750445492991917
0.8,0.4,5.0,0.3,4.0,0.348993288590604,0.7751677852348994,0.5268141651914706,0.6060606060606061,0.6747649074739257
0.5,0.2,7.0,0.2,4.0,0.3523489932885906,0.761744966442953,0.5366835661262809,0.6212121212121212,0.6745728328103691
0.9,0.6,5.0,0.4,4.0,0.35570469798657717,0.7449664429530202,0.5270301087135506,0.6553030303030303,0.6744801523101294
0.9,0.6,3.0,0.3,2.0,0.36577181208053694,0.7718120805369127,0.5105903809526101,0.6212121212121212,0.6743877528226148
0.9,0.0,3.0,0.4,4.0,0.33557046979865773,0.7348993288590604,0.4945497559686023,0.6931818181818182,0.6743141610777962
0.7,0.2,7.0,0.3,2.0,0.35906040268456374,0.7483221476510067,0.5271964715601164,0.6477272727272727,0.6739185499557084
0.5,0.0,7.0,0.3,4.0,0.3389261744966443,0.7483221476510067,0.5306173073938676,0.6439393939393939,0.6734663534860951
0.8,0.4,3.0,0.2,2.0,0.37583892617449666,0.7785234899328859,0.5110986144923415,0.6060606060606061,0.673299649683093
0.8,0.2,5.0,0.4,4.0,0.35570469798657717,0.7583892617449665,0.5151407329433696,0.6363636363636364,0.6731318683702481
0.8,0.8,7.0,0.2,2.0,0.35906040268456374,0.7885906040268457,0.5187134422559193,0.5833333333333334,0.6730379904646067
0.8,0.8,7.0,0.2,4.0,0.3691275167785235,0.7785234899328859,0.5267489906500845,0.5946969696969697,0.6730206340055507
0.6,0.0,3.0,0.2,2.0,0.3389261744966443,0.761744966442953,0.49931824603720265,0.6401515151515151,0.6727815869743715
0.7,0.0,5.0,0.2,4.0,0.3389261744966443,0.7046979865771812,0.5166674572203064,0.7234848484848485,0.6727279392781065
0.7,0.4,7.0,0.2,2.0,0.348993288590604,0.7550335570469798,0.5307005882566078,0.6287878787878788,0.6722932598111752
0.5,0.2,7.0,0.2,2.0,0.35570469798657717,0.7516778523489933,0.5384274345569513,0.6287878787878788,0.6721607767222505
0.9,0.2,3.0,0.4,2.0,0.348993288590604,0.7483221476510067,0.4988892308858562,0.6590909090909091,0.6716661927299473
0.9,0.6,3.0,0.2,2.0,0.3389261744966443,0.7516778523489933,0.5059066662755084,0.6477272727272727,0.6713384412477802
0.8,0.0,3.0,0.3,4.0,0.348993288590604,0.7348993288590604,0.5075178588361856,0.6742424242424242,0.6712259634694946
0.7,0.0,3.0,0.2,4.0,0.34563758389261745,0.7483221476510067,0.5019752151514373,0.6553030303030303,0.6711470259466998
0.7,0.2,7.0,0.4,4.0,0.3523489932885906,0.7684563758389261,0.5302187989208402,0.6022727272727273,0.6709537658854493
0.7,0.2,7.0,0.3,4.0,0.35570469798657717,0.738255033557047,0.5307343304835126,0.6515151515151515,0.6707289283297715
0.8,0.6,7.0,0.3,4.0,0.34563758389261745,0.761744966442953,0.5336500389901265,0.6098484848484849,0.6705570364740473
0.6,0.0,7.0,0.4,2.0,0.35906040268456374,0.7583892617449665,0.529156943155861,0.6174242424242424,0.6702532922309282
0.8,0.2,5.0,0.3,2.0,0.3389261744966443,0.7449664429530202,0.5191387357492079,0.6439393939393939,0.6694927868081698
0.9,0.8,3.0,0.3,4.0,0.35570469798657717,0.7718120805369127,0.5083090447198884,0.6060606060606061,0.6693860310306159
0.9,0.6,3.0,0.3,4.0,0.348993288590604,0.7483221476510067,0.5143933613876096,0.6401515151515151,0.6690852006484798
0.9,0.6,5.0,0.3,4.0,0.3523489932885906,0.7181208053691275,0.5372182609385571,0.6742424242424242,0.6687767821450025
0.8,0.6,5.0,0.2,2.0,0.35906040268456374,0.7718120805369127,0.5275214762114326,0.5909090909090909,0.6686830627834702
0.8,0.4,7.0,0.4,4.0,0.3523489932885906,0.7583892617449665,0.536939418658928,0.6060606060606061,0.6684006964224507
0.8,0.6,5.0,0.2,4.0,0.3523489932885906,0.7651006711409396,0.5179319237621054,0.6060606060606061,0.6679549021410728
0.8,0.0,3.0,0.3,2.0,0.35906040268456374,0.7449664429530202,0.4992526806585106,0.6515151515151515,0.6677883030627576
0.8,0.2,3.0,0.2,4.0,0.3389261744966443,0.761744966442953,0.4904554815700528,0.6287878787878788,0.6675999431718507
0.9,0.0,3.0,0.4,2.0,0.33221476510067116,0.7281879194630873,0.49716899915234875,0.678030303030303,0.6669368504711043
0.7,0.2,3.0,0.2,4.0,0.3389261744966443,0.7751677852348994,0.4975884669823212,0.5984848484848485,0.6666470405593684
0.8,0.0,5.0,0.4,4.0,0.3691275167785235,0.7248322147651006,0.5200153430538339,0.6666666666666666,0.6664191759933171
0.8,0.2,3.0,0.2,2.0,0.36577181208053694,0.7315436241610739,0.5143425785657022,0.6590909090909091,0.6663676005209501
0.6,0.4,7.0,0.2,4.0,0.37583892617449666,0.7651006711409396,0.5208947482427322,0.5984848484848485,0.6662747397644708
0.9,0.6,3.0,0.4,4.0,0.33557046979865773,0.7785234899328859,0.491344299928626,0.5946969696969697,0.665939695861259
0.6,0.0,5.0,0.3,4.0,0.3624161073825503,0.7416107382550335,0.5264505913066997,0.6325757575757576,0.665868214661584
0.8,0.8,7.0,0.3,4.0,0.348993288590604,0.785234899328859,0.5183352201641682,0.5643939393939394,0.665602675515445
0.7,0.0,3.0,0.2,2.0,0.33221476510067116,0.7449664429530202,0.4885502017327962,0.6477272727272727,0.6645114436412511
0.8,0.2,7.0,0.4,2.0,0.3389261744966443,0.7348993288590604,0.5306546318515954,0.6363636363636364,0.6644896817089402
0.5,0.0,7.0,0.3,2.0,0.348993288590604,0.7348993288590604,0.5304909766034772,0.6363636363636364,0.6644569506593165
0.9,0.4,3.0,0.4,4.0,0.3422818791946309,0.761744966442953,0.49498851278654543,0.6136363636363636,0.6639610948696947
0.9,0.8,3.0,0.3,2.0,0.3422818791946309,0.7785234899328859,0.4863064799473638,0.5909090909090909,0.663795768228643
0.9,0.8,3.0,0.2,2.0,0.3389261744966443,0.7516778523489933,0.49444332730027885,0.6287878787878788,0.6633639552709161
0.8,0.0,3.0,0.4,4.0,0.33221476510067116,0.7483221476510067,0.4885547936923843,0.6363636363636364,0.6627811234730712
0.8,0.2,3.0,0.3,2.0,0.3389261744966443,0.761744966442953,0.4946372778027517,0.6098484848484849,0.6627544842365723
0.7,0.4,7.0,0.3,2.0,0.37583892617449666,0.7583892617449665,0.5255829331512091,0.5946969696969697,0.662720308411816
0.8,0.2,5.0,0.4,2.0,0.34563758389261745,0.7483221476510067,0.5141345726701356,0.6174242424242424,0.6622152610868032
0.7,0.4,5.0,0.2,4.0,0.34563758389261745,0.7583892617449665,0.5112914405594817,0.6022727272727273,0.6621347371661979
0.7,0.4,7.0,0.3,4.0,0.35906040268456374,0.7684563758389261,0.5255535190717213,0.5757575757575758,0.66206616446108
0.7,0.2,7.0,0.4,2.0,0.348993288590604,0.7483221476510067,0.5206857382853175,0.6098484848484849,0.6612527669371123
0.5,0.4,7.0,0.2,2.0,0.36577181208053694,0.7818791946308725,0.5145070238980379,0.5568181818181818,0.6608864566404984
0.6,0.2,7.0,0.3,2.0,0.348993288590604,0.761744966442953,0.5246899451764496,0.5833333333333334,0.6608104722567665
0.7,0.0,5.0,0.3,2.0,0.3288590604026846,0.738255033557047,0.509282906451661,0.6325757575757576,0.660756825341583
0.9,0.6,3.0,0.4,2.0,0.33557046979865773,0.7684563758389261,0.4954352695804914,0.5909090909090909,0.6605879691082887
0.8,0.2,3.0,0.4,2.0,0.33557046979865773,0.7919463087248322,0.48140313116164607,0.5606060606060606,0.6604355987765635
0.8,0.8,5.0,0.2,4.0,0.35570469798657717,0.7684563758389261,0.5172457669065051,0.5757575757575758,0.6604046140280367
0.6,0.0,7.0,0.3,2.0,0.3422818791946309,0.7114093959731543,0.5387996982659639,0.6553030303030303,0.660055546730679
0.7,0.6,7.0,0.2,2.0,0.34563758389261745,0.7651006711409396,0.5178773206585103,0.5795454545454546,0.6599894360658082
0.8,0.6,7.0,0.4,4.0,0.35570469798657717,0.7583892617449665,0.5285796100136239,0.5833333333333334,0.6599105528752081
0.6,0.6,7.0,0.2,4.0,0.35906040268456374,0.7718120805369127,0.5200035882760042,0.5643939393939394,0.659224939741839
0.7,0.4,5.0,0.2,2.0,0.348993288590604,0.7449664429530202,0.5219299856479324,0.6060606060606061,0.6586874004242784
0.9,0.8,3.0,0.4,2.0,0.34563758389261745,0.7651006711409396,0.49949626995732416,0.5871212121212122,0.6585859531982983
0.8,0.4,7.0,0.4,2.0,0.33557046979865773,0.7348993288590604,0.528732440237847,0.6174242424242424,0.6584234252043724
0.8,0.4,5.0,0.4,4.0,0.3389261744966443,0.7651006711409396,0.5025722886663527,0.5833333333333334,0.6580647933037405
0.8,0.6,3.0,0.3,4.0,0.3523489932885906,0.7919463087248322,0.48974296908322357,0.5454545454545454,0.6575581118154243
0.7,0.4,3.0,0.2,4.0,0.348993288590604,0.7785234899328859,0.4999531266302251,0.5568181818181818,0.6562978248379425
0.8,0.2,3.0,0.3,4.0,0.34563758389261745,0.761744966442953,0.49623279471354725,0.5871212121212122,0.6562554058005496
0.6,0.4,5.0,0.2,4.0,0.37583892617449666,0.7751677852348994,0.5040388944920915,0.5568181818181818,0.6554371260613225
0.8,0.8,5.0,0.2,2.0,0.37919463087248323,0.7651006711409396,0.5063522570534302,0.571969696969697,0.655411696072065
0.6,0.4,7.0,0.2,2.0,0.348993288590604,0.7583892617449665,0.5172956343555974,0.5757575757575758,0.6553810304708755
0.7,0.6,7.0,0.3,4.0,0.3724832214765101,0.761744966442953,0.5125278111086072,0.571969696969697,0.6549689545341071
0.5,0.4,7.0,0.2,4.0,0.35570469798657717,0.7751677852348994,0.5116746872495236,0.5492424242424242,0.6546915573400817
0.7,0.0,5.0,0.4,4.0,0.3221476510067114,0.7416107382550335,0.5043046392897,0.6098484848484849,0.6546208424400022
0.5,0.0,3.0,0.2,4.0,0.348993288590604,0.7449664429530202,0.48989386407299446,0.6136363636363636,0.6545529033820181
0.7,0.2,5.0,0.3,4.0,0.3422818791946309,0.7550335570469798,0.5093532262977094,0.5833333333333334,0.6543874237830318
0.9,0.8,3.0,0.4,4.0,0.35570469798657717,0.7651006711409396,0.49554585130916523,0.5757575757575758,0.6543867785595756
0.8,0.6,5.0,0.3,2.0,0.3523489932885906,0.7785234899328859,0.5053658366426895,0.5454545454545454,0.6539712759313444
0.7,0.4,7.0,0.4,4.0,0.3523489932885906,0.7718120805369127,0.5045907048136685,0.5568181818181818,0.6538696357766447
0.8,0.4,3.0,0.2,4.0,0.3523489932885906,0.7483221476510067,0.4950015604513752,0.6022727272727273,0.6538432040975966
0.6,0.2,5.0,0.2,2.0,0.3724832214765101,0.7449664429530202,0.5131631398527299,0.5946969696969697,0.6535249403561469
0.7,0.8,7.0,0.2,2.0,0.3624161073825503,0.7953020134228188,0.49430430166477085,0.5227272727272727,0.6533300488625453
0.7,0.4,3.0,0.2,2.0,0.348993288590604,0.7785234899328859,0.49636909500539966,0.5492424242424242,0.6533082912402501
0.8,0.6,7.0,0.4,2.0,0.33221476510067116,0.7550335570469798,0.5084196792219055,0.5795454545454546,0.6530643507315074
0.8,0.8,7.0,0.3,2.0,0.3422818791946309,0.7751677852348994,0.49759190073890575,0.553030303030303,0.6530113636743217
0.6,0.2,3.0,0.2,4.0,0.35570469798657717,0.761744966442953,0.49491185655811165,0.5757575757575758,0.6525821272603716
0.6,0.2,7.0,0.3,4.0,0.36577181208053694,0.7449664429530202,0.5191799832669081,0.5871212121212122,0.6524555817662553
0.6,0.0,7.0,0.4,4.0,0.348993288590604,0.7315436241610739,0.5167039143337517,0.6098484848484849,0.6520671404018328
0.5,0.0,7.0,0.4,4.0,0.3523489932885906,0.7281879194630873,0.5252006581868014,0.6060606060606061,0.6509522731870857
0.7,0.2,3.0,0.3,4.0,0.3624161073825503,0.7550335570469798,0.5035200915336417,0.5757575757575758,0.6509480695574911
0.7,0.4,5.0,0.3,2.0,0.3422818791946309,0.7751677852348994,0.49851734072244164,0.5454545454545454,0.6509237243983017
0.5,0.2,3.0,0.2,4.0,0.348993288590604,0.7785234899328859,0.4893899158815991,0.5454545454545454,0.6507760917791263
0.6,0.4,3.0,0.2,4.0,0.3624161073825503,0.7751677852348994,0.49678654530642324,0.5454545454545454,0.650577565315098
0.5,0.2,5.0,0.2,4.0,0.33557046979865773,0.761744966442953,0.49585504021705207,0.5681818181818182,0.6504980367194323
0.7,0.6,7.0,0.3,2.0,0.3624161073825503,0.7818791946308725,0.5021812251843152,0.5303030303030303,0.6504667514432083
0.8,0.4,5.0,0.4,2.0,0.35906040268456374,0.7583892617449665,0.5026597486433277,0.5681818181818182,0.6501811260556942
0.5,0.0,3.0,0.2,2.0,0.348993288590604,0.7483221476510067,0.48745360936507953,0.5946969696969697,0.6500608866076101
0.5,0.2,7.0,0.3,4.0,0.3523489932885906,0.7483221476510067,0.5150097987132547,0.5757575757575758,0.649890306295427
0.8,0.8,7.0,0.4,2.0,0.3523489932885906,0.7651006711409396,0.513643506618482,0.5454545454545454,0.6489154005305298
0.5,0.2,7.0,0.3,2.0,0.3523489932885906,0.7483221476510067,0.5157704743461213,0.571969696969697,0.6489060777856368
0.6,0.6,7.0,0.2,2.0,0.36577181208053694,0.7751677852348994,0.4914390517607479,0.5416666666666666,0.6483717029695992
0.8,0.8,3.0,0.2,4.0,0.3624161073825503,0.7953020134228188,0.4801428741995161,0.5151515151515151,0.6482250360967672
0.7,0.2,3.0,0.2,2.0,0.3288590604026846,0.7483221476510067,0.48368363170455764,0.5909090909090909,0.6481705274391422
0.8,0.8,5.0,0.4,4.0,0.3724832214765101,0.785234899328859,0.4928172694296933,0.5227272727272727,0.64799908536855
0.7,0.6,5.0,0.3,4.0,0.35906040268456374,0.7718120805369127,0.49780993909938437,0.5416666666666666,0.6479680280883332
0.8,0.4,3.0,0.3,4.0,0.3624161073825503,0.7550335570469798,0.497188411363274,0.5681818181818182,0.6474090062506902
0.7,0.8,5.0,0.2,4.0,0.35570469798657717,0.785234899328859,0.48891905245751843,0.5227272727272727,0.6472194419741151
0.8,0.6,3.0,0.2,4.0,0.34563758389261745,0.7651006711409396,0.4991209810718823,0.5492424242424242,0.6471472590575735
0.7,0.8,7.0,0.2,4.0,0.3691275167785235,0.7718120805369127,0.5045594916596845,0.5340909090909091,0.647045211327666
0.7,0.4,3.0,0.3,4.0,0.3523489932885906,0.785234899328859,0.4821992471165797,0.5265151515151515,0.6470118445422909
0.7,0.2,5.0,0.3,2.0,0.35906040268456374,0.7348993288590604,0.49992744304844816,0.5984848484848485,0.6469806075846745
0.8,0.8,7.0,0.4,4.0,0.35570469798657717,0.7651006711409396,0.5034574583157083,0.5454545454545454,0.646878190869975
0.8,0.8,3.0,0.2,2.0,0.3624161073825503,0.7818791946308725,0.47851396931794626,0.5340909090909091,0.6468696639062983
0.6,0.4,7.0,0.3,2.0,0.36577181208053694,0.7651006711409396,0.497415556451692,0.5492424242424242,0.6468061741335355
0.7,0.0,3.0,0.3,2.0,0.34563758389261745,0.7315436241610739,0.49021509221863263,0.6098484848484849,0.6467693759788089
0.8,0.6,5.0,0.3,4.0,0.33557046979865773,0.761744966442953,0.5047925090681447,0.5492424242424242,0.6466037123078328
0.5,0.4,7.0,0.3,4.0,0.34563758389261745,0.7718120805369127,0.49996241534287383,0.5340909090909091,0.6461257960643039
0.8,0.4,3.0,0.3,2.0,0.34563758389261745,0.761744966442953,0.4904130421758079,0.5568181818181818,0.6460005462020926
0.5,0.2,5.0,0.2,2.0,0.3523489932885906,0.7281879194630873,0.5107709109897932,0.5984848484848485,0.6457935964749568
0.7,0.0,5.0,0.4,2.0,0.3288590604026846,0.7315436241610739,0.49060726985051717,0.6060606060606061,0.6457114478688222
0.6,0.2,7.0,0.4,2.0,0.348993288590604,0.7516778523489933,0.5078455935324958,0.5606060606060606,0.645589863062814
0.8,0.0,3.0,0.4,2.0,0.3422818791946309,0.7416107382550335,0.46893225004074085,0.6022727272727273,0.6452736373174832
0.5,0.0,5.0,0.3,4.0,0.348993288590604,0.7315436241610739,0.5053220743309302,0.5946969696969697,0.645245317855814
0.8,0.2,3.0,0.4,4.0,0.3724832214765101,0.7449664429530202,0.49986849513491605,0.5757575757575758,0.645184193230766
0.5,0.4,3.0,0.2,4.0,0.3724832214765101,0.7684563758389261,0.4921050752993361,0.5416666666666666,0.6451492029793302
0.6,0.2,3.0,0.2,2.0,0.3422818791946309,0.7483221476510067,0.49092701124177685,0.5757575757575758,0.6450737488011314
0.6,0.6,5.0,0.2,2.0,0.36577181208053694,0.7818791946308725,0.4896703988033482,0.5189393939393939,0.644555495257924
0.8,0.8,5.0,0.4,2.0,0.3691275167785235,0.7651006711409396,0.5024976779780895,0.5378787878787878,0.6444135075297241
0.8,0.6,3.0,0.4,2.0,0.3691275167785235,0.785234899328859,0.47960210923853613,0.5189393939393939,0.6442196896939549
0.5,0.4,5.0,0.2,4.0,0.3523489932885906,0.7718120805369127,0.4951536864462253,0.5303030303030303,0.6440276866486105
0.5,0.0,5.0,0.4,4.0,0.3422818791946309,0.7416107382550335,0.49441508020107844,0.5795454545454546,0.6435520215313688
0.5,0.6,7.0,0.2,2.0,0.3724832214765101,0.7684563758389261,0.4952866592632808,0.5340909090909091,0.643512792499392
0.6,0.8,7.0,0.2,4.0,0.3624161073825503,0.7751677852348994,0.49550051145995067,0.5227272727272727,0.6435021767276217
0.6,0.4,7.0,0.3,4.0,0.3523489932885906,0.7583892617449665,0.5066434562744688,0.5416666666666666,0.643023322127377
0.7,0.4,5.0,0.3,4.0,0.33557046979865773,0.7684563758389261,0.4922505092159567,0.5340909090909091,0.6429055624899271
0.8,0.8,5.0,0.3,4.0,0.37919463087248323,0.7550335570469798,0.49732977216855995,0.553030303030303,0.6428918238662928
0.5,0.6,7.0,0.2,4.0,0.35570469798657717,0.7785234899328859,0.48773292474094654,0.5189393939393939,0.6424901480964504
0.7,0.0,3.0,0.3,4.0,0.32550335570469796,0.7315436241610739,0.47931275079852687,0.6022727272727273,0.6423161804220605
0.8,0.6,5.0,0.4,4.0,0.3523489932885906,0.761744966442953,0.4938054607537582,0.5416666666666666,0.6421335753722281
0.7,0.0,3.0,0.4,2.0,0.3422818791946309,0.7516778523489933,0.47172163943708045,0.571969696969697,0.6417741631528219
0.5,0.4,5.0,0.2,2.0,0.3523489932885906,0.7684563758389261,0.49050388763517516,0.5303030303030303,0.6414198745374072
0.5,0.4,5.0,0.3,4.0,0.37919463087248323,0.7785234899328859,0.4921930905938824,0.5113636363636364,0.6411094539943104
0.5,0.4,7.0,0.3,2.0,0.36577181208053694,0.7684563758389261,0.49431810970551276,0.5265151515151515,0.641046355315111
0.5,0.2,7.0,0.4,4.0,0.35570469798657717,0.7483221476510067,0.5037463002981369,0.553030303030303,0.6408194247942216
0.7,0.6,3.0,0.2,4.0,0.3724832214765101,0.7684563758389261,0.4808752709761499,0.5340909090909091,0.6406305148419658
0.5,0.0,5.0,0.3,2.0,0.348993288590604,0.7348993288590604,0.49534606056767533,0.5795454545454546,0.6403825129067016
0.6,0.0,5.0,0.4,4.0,0.3422818791946309,0.7248322147651006,0.5018702939872371,0.5909090909090909,0.640062893452725
0.8,0.8,5.0,0.3,2.0,0.35570469798657717,0.7718120805369127,0.4894922078329875,0.5189393939393939,0.6394863000168721
0.6,0.4,7.0,0.4,4.0,0.35570469798657717,0.761744966442953,0.4967434697268393,0.5303030303030303,0.6393120862577534
0.6,0.4,5.0,0.3,2.0,0.3624161073825503,0.761744966442953,0.49015322190931276,0.5340909090909091,0.6391304003306117
0.7,0.4,7.0,0.4,2.0,0.348993288590604,0.7449664429530202,0.50675032902683,0.5492424242424242,0.6386060145546033
0.8,0.6,3.0,0.2,2.0,0.35906040268456374,0.761744966442953,0.48169189458138023,0.5378787878787878,0.6385744985013889
0.5,0.0,3.0,0.3,4.0,0.3422818791946309,0.7483221476510067,0.47535083968413927,0.5643939393939394,0.638549423580513
0.6,0.2,7.0,0.4,4.0,0.3422818791946309,0.738255033557047,0.5047072897215411,0.5606060606060606,0.6382507929046499
0.8,0.6,5.0,0.4,2.0,0.3523489932885906,0.7449664429530202,0.49336304956446236,0.5568181818181818,0.6382012859348571
0.7,0.2,3.0,0.3,2.0,0.348993288590604,0.7550335570469798,0.48362651043767163,0.5454545454545454,0.6378784442473879
0.6,0.0,3.0,0.3,4.0,0.3288590604026846,0.7315436241610739,0.48463406660252406,0.5833333333333334,0.6376986254010417
0.6,0.2,5.0,0.3,4.0,0.3422818791946309,0.7348993288590604,0.5092620135359066,0.5606060606060606,0.6374838853185297
0.6,0.6,5.0,0.3,2.0,0.35906040268456374,0.7751677852348994,0.48728810363368735,0.5075757575757576,0.6373142406169144
0.7,0.2,5.0,0.4,4.0,0.3523489932885906,0.7348993288590604,0.5121666730331869,0.5568181818181818,0.6369284535816221
0.8,0.6,3.0,0.3,2.0,0.3691275167785235,0.7583892617449665,0.4872905598340061,0.5340909090909091,0.6368800155665572
0.6,0.4,7.0,0.4,2.0,0.36577181208053694,0.7583892617449665,0.4921598667623215,0.5303030303030303,0.6367175133158567
0.6,0.2,5.0,0.3,2.0,0.3422818791946309,0.7416107382550335,0.4939729893630226,0.5568181818181818,0.6366454215455759
0.6,0.0,3.0,0.3,2.0,0.3422818791946309,0.7449664429530202,0.47981772913889087,0.5606060606060606,0.6366285854861065
0.7,0.8,5.0,0.2,2.0,0.3624161073825503,0.7785234899328859,0.48619986819564315,0.5,0.6365017186055716
0.6,0.0,5.0,0.4,2.0,0.3523489932885906,0.7281879194630873,0.4903976823575475,0.5795454545454546,0.6360371325666895
0.6,0.4,5.0,0.2,2.0,0.35570469798657717,0.7348993288590604,0.500229919543995,0.5606060606060606,0.6356774665201474
0.5,0.2,7.0,0.4,2.0,0.3422818791946309,0.761744966442953,0.48712093249673766,0.5227272727272727,0.6351148515390057
0.5,0.2,3.0,0.2,2.0,0.35570469798657717,0.7583892617449665,0.48263487878833955,0.5303030303030303,0.6348125157210602
0.6,0.4,3.0,0.2,2.0,0.34563758389261745,0.7684563758389261,0.47940918072087874,0.5151515151515151,0.6346554786090934
0.6,0.6,5.0,0.4,4.0,0.35906040268456374,0.7718120805369127,0.4761948381040382,0.5113636363636364,0.6345540987983549
0.6,0.4,5.0,0.3,4.0,0.3624161073825503,0.761744966442953,0.48427727606962334,0.5227272727272727,0.6345461202535829
0.7,0.2,3.0,0.4,4.0,0.348993288590604,0.7583892617449665,0.4805402512260056,0.5303030303030303,0.6343935902085934
0.5,0.2,5.0,0.3,4.0,0.3422818791946309,0.7416107382550335,0.4940250591034886,0.5492424242424242,0.6343831082209417
0.6,0.4,3.0,0.3,2.0,0.36577181208053694,0.7818791946308725,0.4599684447883159,0.5037878787878788,0.6340696499094631
0.6,0.6,7.0,0.3,2.0,0.3624161073825503,0.7684563758389261,0.48687147240430523,0.5075757575757576,0.6338752096730513
0.7,0.6,7.0,0.4,4.0,0.3523489932885906,0.7718120805369127,0.4836510424432398,0.5037878787878788,0.633772612393468
0.7,0.6,3.0,0.2,2.0,0.37583892617449666,0.761744966442953,0.48601400688635815,0.5189393939393939,0.6337571027805663
0.8,0.4,3.0,0.4,4.0,0.33221476510067116,0.7550335570469798,0.47920844281966435,0.5340909090909091,0.6335857398146956
0.8,0.6,3.0,0.4,4.0,0.348993288590604,0.7718120805369127,0.4765313069021362,0.5075757575757576,0.633485028921611
0.5,0.0,5.0,0.4,2.0,0.348993288590604,0.738255033557047,0.49709806139114154,0.5492424242424242,0.6333198563294791
0.7,0.2,5.0,0.4,2.0,0.3523489932885906,0.7449664429530202,0.4914188137666519,0.5416666666666666,0.6332669842298404
0.6,0.2,3.0,0.3,2.0,0.35570469798657717,0.7583892617449665,0.47487154076576693,0.5303030303030303,0.6332598481165457
0.8,0.4,3.0,0.4,2.0,0.3389261744966443,0.7550335570469798,0.4816214766582491,0.5303030303030303,0.6329319829460489
0.5,0.6,5.0,0.2,2.0,0.35906040268456374,0.7684563758389261,0.4762778158111371,0.5113636363636364,0.6328928419907813
0.5,0.2,5.0,0.3,2.0,0.3422818791946309,0.738255033557047,0.4946422215187997,0.5492424242424242,0.6328286883550107
0.6,0.6,5.0,0.2,4.0,0.35570469798657717,0.7550335570469798,0.49200724531305623,0.5227272727272727,0.632736409404283
0.6,0.8,7.0,0.3,4.0,0.35906040268456374,0.7718120805369127,0.4710380263413199,0.5075757575757576,0.6323863728094476
0.6,0.4,5.0,0.4,4.0,0.3691275167785235,0.761744966442953,0.482867299879485,0.5151515151515151,0.631991397742828
0.7,0.8,7.0,0.4,4.0,0.35570469798657717,0.7651006711409396,0.4845872820290785,0.5075757575757576,0.6317405192490128
0.6,0.6,3.0,0.2,2.0,0.348993288590604,0.7818791946308725,0.4649400793407432,0.49242424242424243,0.6316548859108576
0.5,0.4,7.0,0.4,4.0,0.3523489932885906,0.7516778523489933,0.49389636707070633,0.5227272727272727,0.6314363814068198
0.7,0.6,3.0,0.4,4.0,0.3523489932885906,0.7718120805369127,0.4772914994306461,0.5,0.6313643401545855
0.7,0.0,3.0,0.4,4.0,0.33557046979865773,0.7416107382550335,0.47319447589333913,0.553030303030303,0.6313533552152755
0.5,0.2,5.0,0.4,2.0,0.33557046979865773,0.7583892617449665,0.47617201819424715,0.5227272727272727,0.6312472163295144
0.7,0.8,5.0,0.4,4.0,0.348993288590604,0.7651006711409396,0.47956216649030803,0.5075757575757576,0.6307354961412587
0.7,0.6,5.0,0.2,2.0,0.348993288590604,0.7516778523489933,0.4899820946228636,0.5227272727272727,0.6306535269172513
0.5,0.4,5.0,0.3,2.0,0.3523489932885906,0.761744966442953,0.48052786743161624,0.5113636363636364,0.6303871476168907
0.7,0.6,5.0,0.3,2.0,0.35570469798657717,0.7516778523489933,0.48275030846380435,0.5265151515151515,0.630343533321803
0.7,0.4,3.0,0.3,2.0,0.348993288590604,0.7550335570469798,0.474184836400105,0.5265151515151515,0.6303082912580563
0.8,0.8,3.0,0.3,2.0,0.37919463087248323,0.7583892617449665,0.4826020182079897,0.5151515151515151,0.6302604890595357
0.6,0.8,3.0,0.2,4.0,0.35906040268456374,0.785234899328859,0.4586659159940813,0.48484848484848486,0.6298051783177913
0.8,0.8,3.0,0.4,4.0,0.34563758389261745,0.7751677852348994,0.4721895605785876,0.49242424242424243,0.62974907746044
0.8,0.8,3.0,0.3,4.0,0.36577181208053694,0.761744966442953,0.47951405465782404,0.5075757575757576,0.6290480214257685
0.7,0.6,5.0,0.4,4.0,0.35570469798657717,0.761744966442953,0.4790982709605748,0.5075757575757576,0.6289648646863186
0.6,0.6,3.0,0.2,4.0,0.3422818791946309,0.7684563758389261,0.4678318121853714,0.5037878787878788,0.628930913992901
0.5,0.0,7.0,0.4,2.0,0.35570469798657717,0.7046979865771812,0.5076282579564336,0.5833333333333334,0.6288746448798774
0.6,0.8,7.0,0.2,2.0,0.3724832214765101,0.7550335570469798,0.4869138561618111,0.5113636363636364,0.628308640664943
0.5,0.6,7.0,0.3,4.0,0.35570469798657717,0.7684563758389261,0.4810580659565769,0.49242424242424243,0.6281670738380511
0.6,0.8,5.0,0.2,2.0,0.3624161073825503,0.7751677852348994,0.47397318812279515,0.48484848484848486,0.6278330756965542
0.5,0.4,3.0,0.3,4.0,0.35906040268456374,0.7718120805369127,0.46305817515196857,0.4962121212121212,0.6273813116624865
0.7,0.8,7.0,0.3,4.0,0.35570469798657717,0.7516778523489933,0.47874795149787663,0.5189393939393939,0.6272703346558901
0.7,0.6,5.0,0.4,2.0,0.3691275167785235,0.7583892617449665,0.4733015629544452,0.5113636363636364,0.6272640343724631
0.7,0.4,3.0,0.4,4.0,0.3389261744966443,0.7751677852348994,0.45923533465672955,0.49242424242424243,0.6271582322760684
0.5,0.0,3.0,0.4,2.0,0.3288590604026846,0.738255033557047,0.4711205072148758,0.5454545454545454,0.6269879818578623
0.7,0.2,3.0,0.4,2.0,0.3523489932885906,0.7416107382550335,0.4787319430189867,0.5340909090909091,0.6267790304585868
0.6,0.2,5.0,0.4,4.0,0.348993288590604,0.7416107382550335,0.48886283592388363,0.5265151515151515,0.626532481766839
0.5,0.0,3.0,0.3,2.0,0.34563758389261745,0.7348993288590604,0.4710108197960689,0.5492424242424242,0.6264245556614713
0.6,0.0,3.0,0.4,4.0,0.33221476510067116,0.7348993288590604,0.4740416293485548,0.5454545454545454,0.6258943539356048
0.6,0.8,5.0,0.3,4.0,0.35906040268456374,0.761744966442953,0.474989699227419,0.5,0.6258704230669603
0.6,0.6,5.0,0.3,4.0,0.3523489932885906,0.761744966442953,0.47432513922242586,0.5,0.6257375110659616
0.5,0.4,5.0,0.4,4.0,0.36577181208053694,0.761744966442953,0.4736041585932985,0.5,0.6255933149401363
0.5,0.6,5.0,0.2,4.0,0.3624161073825503,0.7583892617449665,0.48139996053276135,0.5,0.6254746229790354
0.5,0.2,5.0,0.4,4.0,0.3389261744966443,0.738255033557047,0.48444098982210004,0.5303030303030303,0.6251066238338526
0.7,0.8,3.0,0.3,4.0,0.3691275167785235,0.7751677852348994,0.4642306774072182,0.4810606060606061,0.6247482099170751
0.6,0.8,7.0,0.3,2.0,0.35906040268456374,0.761744966442953,0.474109349248457,0.4962121212121212,0.6245579894348043
0.6,0.6,7.0,0.3,4.0,0.3523489932885906,0.7483221476510067,0.4791015627250331,0.5151515151515151,0.6245268409159646
0.6,0.4,3.0,0.4,4.0,0.35906040268456374,0.7684563758389261,0.4616479168968685,0.49242424242424243,0.6242850440261095
0.5,0.4,3.0,0.3,2.0,0.3691275167785235,0.7449664429530202,0.4795250438153861,0.5189393939393939,0.6240700484214055
0.7,0.6,3.0,0.3,2.0,0.348993288590604,0.7516778523489933,0.47939686288414374,0.5075757575757576,0.6239910260240527
0.7,0.8,3.0,0.2,4.0,0.3724832214765101,0.761744966442953,0.47123716524776504,0.4962121212121212,0.623983552634666
0.7,0.8,3.0,0.4,2.0,0.3624161073825503,0.7718120805369127,0.4631028857637151,0.48484848484848486,0.6239811628757448
0.6,0.6,7.0,0.4,4.0,0.3624161073825503,0.7516778523489933,0.4848602089822265,0.5037878787878788,0.6239473316073056
0.5,0.0,3.0,0.4,4.0,0.3523489932885906,0.7348993288590604,0.48054520224570435,0.5340909090909091,0.6237859776059438
0.7,0.8,5.0,0.3,4.0,0.36577181208053694,0.7583892617449665,0.47193765785936564,0.5,0.6235821624443563
0.6,0.2,3.0,0.4,4.0,0.34563758389261745,0.7348993288590604,0.4732272509849762,0.5378787878787878,0.6234587509901618
0.5,0.4,7.0,0.4,2.0,0.3523489932885906,0.7516778523489933,0.4819215847195021,0.5037878787878788,0.6233596067547607
0.5,0.6,3.0,0.2,4.0,0.3691275167785235,0.7583892617449665,0.47026179502996324,0.5,0.6232469898784758
0.7,0.8,3.0,0.2,2.0,0.3825503355704698,0.7550335570469798,0.4728193618374377,0.5037878787878788,0.623217014527341
0.5,0.2,3.0,0.4,2.0,0.33557046979865773,0.7751677852348994,0.45563756661013677,0.4810606060606061,0.6230295877576589
0.7,0.6,3.0,0.3,4.0,0.34563758389261745,0.7684563758389261,0.4667162228467989,0.48484848484848486,0.6230259779433683
0.5,0.6,5.0,0.3,4.0,0.35906040268456374,0.7550335570469798,0.4713943393117165,0.5037878787878788,0.6229320100221968
0.6,0.6,3.0,0.3,2.0,0.3523489932885906,0.761744966442953,0.46328968468779846,0.4962121212121212,0.6223940565226727
0.7,0.6,7.0,0.4,2.0,0.3523489932885906,0.7550335570469798,0.4824452353949273,0.49242424242424243,0.6217330983297481
0.6,0.8,5.0,0.2,4.0,0.35906040268456374,0.761744966442953,0.46996339668670434,0.48863636363636365,0.6214560716497265
0.6,0.4,3.0,0.3,4.0,0.36577181208053694,0.7483221476510067,0.47450452221232553,0.5075757575757576,0.6213347055406957
0.6,0.4,5.0,0.4,2.0,0.3422818791946309,0.761744966442953,0.46895623229593475,0.48863636363636365,0.6212546387715725
0.6,0.2,5.0,0.4,2.0,0.34563758389261745,0.7348993288590604,0.4877250789402542,0.5189393939393939,0.6206764983993992
0.5,0.2,3.0,0.3,2.0,0.348993288590604,0.7550335570469798,0.46545982638561056,0.5,0.620608743800612
0.6,0.2,3.0,0.3,4.0,0.3389261744966443,0.7315436241610739,0.47820355436875267,0.5303030303030303,0.6205034320451965
0.7,0.4,5.0,0.4,2.0,0.35570469798657717,0.7516778523489933,0.47854788547220145,0.4962121212121212,0.6204121396325732
0.5,0.4,3.0,0.2,2.0,0.37919463087248323,0.7550335570469798,0.47340036139687963,0.49242424242424243,0.6199241235301386
0.8,0.8,3.0,0.4,2.0,0.35906040268456374,0.7651006711409396,0.46491814672721693,0.4810606060606061,0.6198521467340949
0.5,0.8,7.0,0.2,2.0,0.3825503355704698,0.7583892617449665,0.4804987370061483,0.4810606060606061,0.6196125600918947
0.5,0.4,3.0,0.4,2.0,0.35570469798657717,0.761744966442953,0.4594520826663773,0.48863636363636365,0.619353808845661
0.6,0.8,3.0,0.2,2.0,0.3523489932885906,0.7684563758389261,0.458399043368381,0.4772727272727273,0.6190898147749574
0.6,0.0,3.0,0.4,2.0,0.3523489932885906,0.7315436241610739,0.47628559249841085,0.5265151515151515,0.6189834760347646
0.5,0.6,3.0,0.2,2.0,0.35570469798657717,0.7550335570469798,0.47423472882381024,0.48863636363636365,0.618954633379161
0.7,0.8,5.0,0.3,2.0,0.36577181208053694,0.7516778523489933,0.47687004465747856,0.49242424242424243,0.6189402078332651
0.6,0.8,5.0,0.3,2.0,0.35906040268456374,0.7651006711409396,0.4600032349499707,0.4810606060606061,0.6188691643786457
0.7,0.8,3.0,0.3,2.0,0.37583892617449666,0.7583892617449665,0.4692877314923421,0.48484848484848486,0.6185067226254971
0.7,0.6,5.0,0.2,4.0,0.3624161073825503,0.7248322147651006,0.4899974944734715,0.5265151515151515,0.61837015173179
0.5,0.6,3.0,0.3,4.0,0.35906040268456374,0.7583892617449665,0.4628907801898909,0.48863636363636365,0.6183636960013704
0.6,0.6,3.0,0.3,4.0,0.3691275167785235,0.7583892617449665,0.46137629127382423,0.48863636363636365,0.6180607982181572
0.7,0.4,5.0,0.4,4.0,0.3691275167785235,0.7281879194630873,0.49111224999993847,0.5189393939393939,0.6179982279133496
0.7,0.6,3.0,0.4,2.0,0.3389261744966443,0.761744966442953,0.4582812297294852,0.48484848484848486,0.617983274621919
0.6,0.8,7.0,0.4,2.0,0.35570469798657717,0.7684563758389261,0.4638693026654128,0.4696969696969697,0.6179111393616366
0.5,0.8,3.0,0.2,2.0,0.37583892617449666,0.761744966442953,0.46343484651995037,0.4810606060606061,0.6178776343436484
0.7,0.8,3.0,0.4,4.0,0.3691275167785235,0.761744966442953,0.46849333900616313,0.4772727272727273,0.6177529692045273
0.5,0.8,7.0,0.2,4.0,0.36577181208053694,0.738255033557047,0.48155501293836483,0.5075757575757576,0.6177112466389237
0.6,0.4,3.0,0.4,2.0,0.3422818791946309,0.7583892617449665,0.46295774253944005,0.48484848484848486,0.6172407248349167
0.5,0.2,3.0,0.4,4.0,0.3389261744966443,0.7516778523489933,0.4626713860386014,0.4962121212121212,0.6172368397458532
0.5,0.4,5.0,0.4,2.0,0.35906040268456374,0.7449664429530202,0.47589775443557125,0.4962121212121212,0.6165264087272607
0.6,0.6,7.0,0.4,2.0,0.35906040268456374,0.7516778523489933,0.4702585139131,0.48863636363636365,0.6164815380480257
0.6,0.2,3.0,0.4,2.0,0.35570469798657717,0.7416107382550335,0.4721159498386791,0.5037878787878788,0.6163649227316162
0.7,0.4,3.0,0.4,2.0,0.348993288590604,0.7583892617449665,0.4577172919916921,0.48484848484848486,0.6161926347253671
0.5,0.6,3.0,0.3,2.0,0.3624161073825503,0.7550335570469798,0.4595275725742342,0.48863636363636365,0.6160132021292458
0.5,0.8,5.0,0.2,4.0,0.37583892617449666,0.761744966442953,0.47009434587233634,0.4696969696969697,0.6158004433050346
0.6,0.6,3.0,0.4,4.0,0.36577181208053694,0.7516778523489933,0.46210853287917947,0.48863636363636365,0.6148515418412417
0.5,0.2,3.0,0.3,4.0,0.34563758389261745,0.7315436241610739,0.4762524649906519,0.5113636363636364,0.6144313959877582
0.5,0.6,7.0,0.4,4.0,0.35570469798657717,0.7516778523489933,0.4692714703702766,0.4810606060606061,0.6140114020667338
0.7,0.8,7.0,0.3,2.0,0.3523489932885906,0.7348993288590604,0.4813508628196419,0.5,0.6137198369934587
0.5,0.8,3.0,0.3,2.0,0.36577181208053694,0.761744966442953,0.4572611205189821,0.4696969696969697,0.6132337982343637
0.5,0.6,3.0,0.4,4.0,0.3624161073825503,0.7583892617449665,0.4590281796598994,0.4734848484848485,0.6130457213499176
0.5,0.8,7.0,0.3,4.0,0.3624161073825503,0.7416107382550335,0.47005659348946693,0.49242424242424243,0.6125439605526829
0.6,0.8,7.0,0.4,4.0,0.3624161073825503,0.7416107382550335,0.4743227252752288,0.48863636363636365,0.6122608232734716
0.5,0.8,5.0,0.3,2.0,0.35570469798657717,0.7583892617449665,0.45804100526816505,0.4696969696969697,0.6117119228352071
0.5,0.8,7.0,0.4,2.0,0.3523489932885906,0.7583892617449665,0.4572019373163853,0.4696969696969697,0.6115441092448513
0.6,0.8,3.0,0.4,4.0,0.35570469798657717,0.7550335570469798,0.458762939644552,0.4734848484848485,0.6113148209978548
0.5,0.6,7.0,0.3,2.0,0.35570469798657717,0.7348993288590604,0.47970009024618737,0.49242424242424243,0.6111169552060404
0.6,0.8,5.0,0.4,4.0,0.36577181208053694,0.7483221476510067,0.46023277499723436,0.4810606060606061,0.610525810643132
0.5,0.8,7.0,0.3,2.0,0.37919463087248323,0.7483221476510067,0.47000997912536496,0.4734848484848485,0.6102085241960309
0.5,0.6,5.0,0.4,4.0,0.35570469798657717,0.7516778523489933,0.4556895854339288,0.4772727272727273,0.6101586614431006
0.5,0.8,5.0,0.2,2.0,0.3724832214765101,0.7416107382550335,0.4692415594609222,0.48484848484848486,0.6101082264742467
0.6,0.6,5.0,0.4,2.0,0.35906040268456374,0.738255033557047,0.4692723520941129,0.48863636363636365,0.6095728962882552
0.5,0.6,7.0,0.4,2.0,0.3624161073825503,0.7483221476510067,0.4604330317859196,0.4772727272727273,0.6094294983645054
0.6,0.8,3.0,0.4,2.0,0.3724832214765101,0.7583892617449665,0.45165276417300587,0.4659090909090909,0.6092979109798118
0.7,0.8,5.0,0.4,2.0,0.3523489932885906,0.7483221476510067,0.46513725169706754,0.4734848484848485,0.6092339787103714
0.5,0.4,3.0,0.4,4.0,0.3624161073825503,0.7416107382550335,0.4639374449230683,0.48484848484848486,0.6090474035666759
0.6,0.6,3.0,0.4,2.0,0.36577181208053694,0.7449664429530202,0.4593201766709813,0.4810606060606061,0.6086654386288882
0.6,0.8,3.0,0.3,2.0,0.3624161073825503,0.7516778523489933,0.4546001773548109,0.4696969696969697,0.6076680525545497
0.5,0.6,5.0,0.3,2.0,0.3523489932885906,0.738255033557047,0.46887635651203796,0.4810606060606061,0.6072209698991129
0.5,0.8,5.0,0.3,4.0,0.3624161073825503,0.7416107382550335,0.4653088964134548,0.4772727272727273,0.6070489665920259
0.7,0.8,7.0,0.4,2.0,0.35906040268456374,0.7315436241610739,0.47250630398102056,0.48863636363636365,0.6068639819676501
0.5,0.8,3.0,0.2,4.0,0.35570469798657717,0.7449664429530202,0.4592444238871458,0.4734848484848485,0.6063775607993938
0.5,0.6,5.0,0.4,2.0,0.37583892617449666,0.738255033557047,0.46378862643695984,0.4810606060606061,0.6062034238840973
0.6,0.8,3.0,0.3,4.0,0.3523489932885906,0.7449664429530202,0.46124378151072076,0.4659090909090909,0.6045047050513814
0.5,0.8,5.0,0.4,2.0,0.3691275167785235,0.7550335570469798,0.4458196389978465,0.4583333333333333,0.6041807063230592
0.5,0.8,5.0,0.4,4.0,0.3691275167785235,0.7315436241610739,0.4622583391693792,0.48484848484848486,0.6036780253689582
0.5,0.8,7.0,0.4,4.0,0.3624161073825503,0.7348993288590604,0.4645156153904929,0.4772727272727273,0.603534605689447
0.5,0.8,3.0,0.3,4.0,0.35906040268456374,0.7416107382550335,0.44711983648278664,0.45454545454545453,0.5965929727877104
0.5,0.8,3.0,0.4,4.0,0.3624161073825503,0.738255033557047,0.4467897656364553,0.4583333333333333,0.5959854699058145
0.5,0.8,3.0,0.4,2.0,0.35906040268456374,0.7449664429530202,0.4374022295613562,0.4431818181818182,0.5929182128433267
0.6,0.8,5.0,0.4,2.0,0.35906040268456374,0.7248322147651006,0.4487201403339805,0.4621212121212121,0.59079649908571
0.5,0.6,3.0,0.4,2.0,0.36577181208053694,0.7348993288590604,0.4405100528532219,0.45075757575757575,0.5907789477274473
